Asa Hugo Anael ,Calle A 87,Jalisco,49370,8743939401,xlueilwitz@ernser.org,HUAA910517J86
Charlie Nathan Lorenzo ,Calle B 44,Chiapas,29878,9622177463,yadams@windler.com,NALC750115RX0
Russell Baptiste Matheo ,Calle C 18,Campeche,24640,6300135490,mhowe@gmail.com,BAMR641216LH7
Perry Noah Gracio ,Paseo del Tecnológico 17,Nuevo León,65650,9297080576,levi14@klein.com,NOGP340707HP9
Manuel Lucas Leo ,Rio Panuco 88,Guerrero,39300,3986311478,granville.rohan@robel.biz,LULM060203R88
Archie Nelsey Noemie ,Derrota Mundial 11,Durango,34510,2930742377,brandi.koch@hotmail.com,NENA591018920
Amos Hamlet Tom ,Calle A 9,Baja California Sur,23010,9251204592,odie.herman@yahoo.com,HATA1511152E10
Moses Lucie Quentin ,Calle B 4,Baja California,22753,9885259187,fgreenholt@gmail.com,LUQM020922CMA
Lee Lore Mathilde ,Calle C SN,Ciudad de México,01010,5790764225,ngrant@barton.com,LOML630829AH4
Claude Theo Ines ,Reforma 33,Nuevo León,65650,2131817488,catherine90@tromp.org,TEIC0511234W5
Otis Baptiste Nael ,1 de octubre 22,Guerrero,39300,8766902279,eleanora52@reichel.org,BANO610210R14
Homer Valentine Faustine ,Deng Xiao Ping 77,Durango,34510,7359911655,runolfsdottir.ella@hotmail.com,VAFH6506103A10
Maurice Ambre Thibaud ,Via Corsa 6,Baja California Sur,23010,7173254168,flittel@baumbach.net,AETM880804PB7
Wilbur Lisa Lucas ,Abedul 8871,Chiapas,29878,2070379944,kiera.wunsch@gmail.com,LILW610112FN10
Marvin Manon Anais ,Washington 121,Campeche,24640,6124935936,bgerlach@hotmail.com,MAAM400509UU8
Stephen Julie Vargoz ,Paseo de los tigres 314,Chiapas,29878,2183143549,zack.shields@gmail.com,JUVS480321GY7
Columbus Mathilde Mateo ,Palabras 88,Campeche,24640,3391914362,thoppe@schmitt.info,MAMC6401285Q8
Eddie Camille Berenice ,Perestroyka 11,Guerrero,39300,6824854973,opacocha@gmail.com,CABE920624SK2
Charley Alice Olivia ,Noche Triste 1711,Durango,34510,1649101973,kyla94@runte.com,AIOC9501319J5
Rufus Raphael Mathis ,Il Duce 8721,Campeche,24640,4605977954,bernier.eusebio@hotmail.com,RAMR791107GX0
