John Gracio Martin,GAMJ091023873
William Manit Berenice,MABW021206FX5
James Bechameil Jules,BEJJ320329C48
Charles Pierr Adelie,PIAC270913AG10
George Faustine Baptiste,FABG7804201H9
Frank Esther Fanny,EEFF1812142L10
Joseph Ghardard Nathan,GANJ4905245F10
Thomas Paul Jules,PAJT5906138R4
Henry Jules Quentin,JUQH990701S46
Robert Tom Tristan,TOTR500624EY10
Edward Lylou Eloi,LOEE170822V22
Harry Mathis Axelle,MAAH440603F35
Walter Victor Tom,VITW650327TUA
Arthur Soane Loic,SOLA280925R66
Fred Dorian Hugues,DOHF070324AU3
Albert Charles Hippolyte,CAHA980720JF0
Samuel Shirel Isaure,SIIS0204299F8
David Vargoz Tizia,VATD181210HZ5
Louis Berenice Antonin,BEAL640921TE10
Joe Guillaume Soane,GUSJ940609H49
Charlie Nathan Lorenzo,NALC750115RX0
Clarence Alice Maurane,AIMC360617L4A
Richard Axel Alexis,AEAR3305176V7
Andrew Nael Mathilde,NAMA750608NV2
Daniel Bapteste Clement,BACD1402013Q4
Ernest Eymeric Shirel,EESE0103067A2
Will Reda Alice,REAW220713UQ9
Jesse Axel Victor,AEVJ331121GM2
Oscar Theo Malo,TEMO940610UD8
Lewis Tom Alexandre,TOAL9311015KA
Peter Alix Emma,AIEP771203DE2
Benjamin Nathan Lore,NALB320729ME5
Frederick Anais Louis,AALF190314KCA
Willie Tan Eymeric,TAEW9002206D3
Alfred Jerome Yael,JEYA900814LS6
Sam Alexandre Pierr,AEPS3409104D4
Roy Louis Bahoua,LOBR3704246B8
Herbert Nina Reda,NIRH320918TF7
Jacob Lisa Theo,LITJ980728N45
Tom Hippolyte Lucien,HILT480318V10
Elmer Victor Nicolas,VINE3804178W2
Carl Baltazar Gaetan,BAGC841023GF0
Lee Lore Mathilde,LOML630829AH4
Howard Mathilda Charles,MACH420214KC3
Martin Maxime Antoine,MAAM150907M710
Michael Antonin Nelsey,AONM491216GT10
Bert Amandine Ewen,AAEB521112NK5
Herman Damien Karel,DAKH660511L83
Jim Emilie Gautier,EIGJ141009TH7
Francis Stella Billie Lou,SEBF990310K7A
Harvey Louise Julie,LOJH461110HC4
Earl Garance Amandine,GAAE740220LI9
Eugene Taran Quentin,TAQE881006E42
Ralph Loic Guillaume,LOGR7811035Z8
Ed Hugues Nathan,HUNE050216A70
Claude Theo Ines,TEIC0511234W5
Edwin Eloi Leon,EOLE380402EH4
Ben Donia Louise,DOLB201107FE4
Charley Alice Olivia,AIOC9501319J5
Paul Axelle Vencon,AEVP801224HR10
Edgar Paul Gauthier,PAGE240728RS6
Isaac Annecemence Nassim,AENI080125UK4
Otto Alexis Jeanne,AEJO930724NA4
Luther Mateo Baptiste,MABL0310299P9
Lawrence Apolline Mathilde,AOML710821180
Ira Victoire Quentin,VIQI771116863
Patrick Paul Esther,PAEP59050315A
Guy Adelie Jade,AEJG420122RQ10
Oliver Tizia Matthias,TIMO260705T7A
Theodore Karel Ileana,KAIT0411254E8
Hugh Quentin Leane,QULH2803115D2
Clyde Maho Mathias,MAMC231102C53
Alexander Arnaud Clara,AACA621102V53
August Berenice Louis,BELA370514HX7
Floyd Quentin Eliott,QUEF581115593
Homer Valentine Faustine,VAFH6506103A10
Jack Iliana Lisa-Lou,IILJ970201DR3
Leonard Gaby Natsuki,GANL180701PT8
Horace Laura-Li Manon,LAMH010815TY10
Marion Evrand Adrien,EAAM870503FS8
Philip Titaine Gaby,TIGP690612E49
Allen Simon Audrey,SIAA800830RG2
Archie Nelsey Noemie,NENA591018920
Stephen Julie Vargoz,JUVS480321GY7
Chester Armand Jerome,AAJC6609068Y5
Willis Elian Damien,EIDW600405T9A
Raymond Lou Paul,LOPR070114P68
Rufus Raphael Mathis,RAMR791107GX0
Warren Alexandre Laura-Li,AELW220124TF0
Jessie Elissa Nina,EINJ630225FW6
Milton Ileana Stella,IESM301226MI10
Alex Alexandre Jocelyn,AEJA421014CA5
Leo Mathilde Elian,MAEL680412A96
Julius Iris Pierre,IIPJ490103UB10
Ray Mathilde Arnaud,MAAR270109Q83
Sidney Ophelie Michael,OEMS880311HK8
Bernard Julie Titouan,JUTB330820E35
Dan Isaure Isla,IAID5309185R0
Jerry Leane Victor,LEVJ800829BK10
Calvin Lisa-Lou Gabriel,LIGC900830D43
Perry Noah Gracio,NOGP340707HP9
Dave Clement Alexandre,CEAD2207091A5
Anthony Clara Ambre,CAAA121101SD8
Eddie Camille Berenice,CABE920624SK2
Amos Hamlet Tom,HATA1511152E10
Dennis Emma Lylou,EALD030109U70
Clifford Elliot Cloe,EICC360110915
Leroy Najat Adrien,NAAL450702R59
Wesley Ines Katia,IEKW810306J710
Alonzo Tom Alix,TOAA191003Q24
Garfield Fanny Paul,FAPG040526TT5
Franklin Baptiste Mathieu,BAMF9401283N9
Emil Olivia Theo,OITE030711NR10
Leon Antoine Florian,AOFL831209CU2
Nathan Titouan Axel,TIAN280408PSA
Harold Adrien Manit,AIMH8010294N5
Matthew Eliott Ghardard,EIGM531211PY6
Levi Isla Nathan,IANL2602155F3
Moses Lucie Quentin,LUQM020922CMA
Everett Jeanne Donia,JEDE531016337
Lester Ewen Noah,EENL040419EX3
Winfield Noemie Maho,NOMW5201279V8
Adam Matheo Amandine,MAAA6101037G10
Lloyd Vencon Lucie,VELL820301SS7
Mack Louis Baptiste,LOBM651108S7A
Fredrick Thomas Samuel,TOSF820508BI8
Jay Nicolas Clemence,NICJ010530E89
Jess Tristan Clara,TICJ010820EQ10
Melvin Nassim Camille,NACM210921VEA
Noah Adrien Apolline,AIAN8312286G9
Aaron Adrien Eliott,AIEA9109068U5
Alvin Samuel Mateo,SAMA540503B69
Norman Theodore Elliot,TEEN230611374
Gilbert Eliott Alice,EIAG970207AP8
Elijah Charlotte Ophelie,CAOE230219RR9
Victor Lucien Iris,LUIV080324H33
Gus Thibaud Bapteste,TIBG440513PX7
Nelson Rihan Theodore,RITN730808K59
Jasper Jade Thomas,JATJ210216410
Silas Mateo Annecemence,MAAS841213NQ9
Christopher Michael Julie,MIJC250531BX6
Jake Lucas Olivia,LUOJ5402013A0
Mike Mathias Alexandre,MAAM620321238
Percy Matthias Maxime,MAMP451014E45
Adolph Quentin Rayanne,QURA2911071E5
Maurice Ambre Thibaud,AETM880804PB7
Cornelius Isaure Charlotte,IACC770727U20
Felix Olivia Oceane,OIOF6012306D2
Reuben Axelle Taran,AETR010519KQ10
Wallace Anael Tom,AATW791219N46
Claud Katia Camille,KACC981214SX7
Roscoe Gautier Isaure,GAIR240719QV5
Sylvester Anais Emilie,AAES881015PH5
Earnest Martin Garance,MAGE550522FZ7
Hiram Natsuki Clement,NACH7908015T7
Otis Baptiste Nael,BANO610210R14
Simon Maurane Simon,MASS0911154G8
Willard Clara Rihan,CARW880924T52
Irvin Yael Baltazar,YABI160302DR2
Mark Billie Lou Iliana,BIIM8110146Q0
Jose Emma Element,EAEJ6406147H3
Wilbur Lisa Lucas,LILW610112FN10
Abraham Anouk Armand,AOAA030227I37
Virgil Rayanne Lisa,RALV980111G35
Clinton Pierre Lou,PILC060731IU3
Elbert Jules Tan,JUTE9511304N2
Leslie Gauthier Valentine,GAVL6701181G0
Marshall Lorenzo Yasmine,LOYM840507F60
Owen Yasmine Axel,YAAO400129R55
Wiley Florian Bechameil,FOBW221006RS2
Anton Nathan Raphael,NARA610722NX3
Morris Quentin Lisa,QULM0703295H10
Manuel Lucas Leo,LULM060203R88
Phillip Fanny Samuel,FASP221120D35
Augustus Clement Axelle,CEAA750212DZ8
Emmett Jocelyn Jules,JOJE330412V17
Eli Gaetan Emma,GAEE211016LH0
Nicholas Cloe Dorian,CODN800526259
Wilson Cassandre Najat,CANW460116QKA
Alva Camille Hugo,CAHA750802AX5
Harley Lucile Lucas,LULH170331QB3
Newton Jordan Mathilda,JOMN000814DS3
Timothy Bahoua Remy,BART461201Q40
Marvin Manon Anais,MAAM400509UU8
Ross Oceane Evrand,OEER881112QC5
Curtis Audrey Cassandre,AUCC580910T19
Edmund Element Hamlet,EEHE030227UQ4
Jeff Amandine Fanny,AAFJ410711G35
Elias Jules Adrien,JUAE300106DCA
Harrison Leo Lucile,LELH771006D210
Stanley Gabriel Anouk,GAAS7208246M3
Columbus Mathilde Mateo,MAMC6401285Q8
Lon Leon Elissa,LEEL2507076K10
Ora Mathieu Anais,MAAO511220HV5
Ollie Samuel Titaine,SATO190131UU4
Russell Baptiste Matheo,BAMR641216LH7
Pearl Remy Paul,REPP630314IU9
Solomon Clemence Jordan,CEJS850902BE9
Arch Malo Victoire,MAVA430712RF2
Asa Hugo Anael,HUAA910517J86
