Radeon RX 6650 XT,Descripción generica de una GPU Radeon RX 6650 XT de la marca AMD,TAR,AMD
Radeon RX 6950 XT,Descripción generica de una GPU Radeon RX 6950 XT de la marca AMD,TAR,AMD
Radeon RX 6750 XT,Descripción generica de una GPU Radeon RX 6750 XT de la marca AMD,TAR,AMD
Steam Deck GPU,Descripción generica de una GPU Steam Deck GPU de la marca AMD,TAR,AMD
Radeon Pro W6400,Descripción generica de una GPU Radeon Pro W6400 de la marca AMD,TAR,AMD
Radeon RX 6400,Descripción generica de una GPU Radeon RX 6400 de la marca AMD,TAR,AMD
Radeon RX 6500 XT,Descripción generica de una GPU Radeon RX 6500 XT de la marca AMD,TAR,AMD
Radeon Instinct MI210,Descripción generica de una GPU Radeon Instinct MI210 de la marca AMD,TAR,AMD
Radeon Instinct MI250,Descripción generica de una GPU Radeon Instinct MI250 de la marca AMD,TAR,AMD
Radeon Pro V620,Descripción generica de una GPU Radeon Pro V620 de la marca AMD,TAR,AMD
Radeon RX 6600,"Descripción generica de una GPU Radeon RX""!! 6600 de la marca AMD!!",TAR,AMD
Radeon Pro W6800X,Descripción generica de una GPU Radeon Pro W6800X de la marca AMD,TAR,AMD
Radeon Pro W6800X Duo,Descripción generica de una GPU Radeon Pro W6800X Duo de la marca AMD,TAR,AMD
Radeon Pro W6900X,Descripción generica de una GPU Radeon Pro W6900X de la marca AMD,TAR,AMD
Radeon RX 6600 XT,Descripción generica de una GPU Radeon RX 6600 XT de la marca AMD,TAR,AMD
Radeon RX 6700,Descripción generica de una GPU Radeon RX 6700 de la marca AMD,TAR,AMD
Radeon Pro W6600,Descripción generica de una GPU Radeon Pro W6600 de la marca AMD,TAR,AMD
Radeon Pro W6800,Descripción generica de una GPU Radeon Pro W6800 de la marca AMD,TAR,AMD
Radeon Vega 6,Descripción generica de una GPU Radeon Vega 6 de la marca AMD,TAR,AMD
Radeon Vega 7,Descripción generica de una GPU Radeon Vega 7 de la marca AMD,TAR,AMD
Radeon RX 6700 XT,Descripción generica de una GPU Radeon RX 6700 XT de la marca AMD,TAR,AMD
Radeon Vega 8,Descripción generica de una GPU Radeon Vega 8 de la marca AMD,TAR,AMD
Atari VCS 400 GPU,Descripción generica de una GPU Atari VCS 400 GPU de la marca AMD,TAR,AMD
Atari VCS 800 GPU,Descripción generica de una GPU Atari VCS 800 GPU de la marca AMD,TAR,AMD
Radeon Pro V520,Descripción generica de una GPU Radeon Pro V520 de la marca AMD,TAR,AMD
Radeon Instinct MI100,Descripción generica de una GPU Radeon Instinct MI100 de la marca AMD,TAR,AMD
Playstation 5 GPU,Descripción generica de una GPU Playstation 5 GPU de la marca AMD,TAR,AMD
Xbox Series S GPU,Descripción generica de una GPU Xbox Series S GPU de la marca AMD,TAR,AMD
Xbox Series X GPU,Descripción generica de una GPU Xbox Series X GPU de la marca AMD,TAR,AMD
Radeon RX 6800,Descripción generica de una GPU Radeon RX 6800 de la marca AMD,TAR,AMD
Radeon RX 6800 XT,Descripción generica de una GPU Radeon RX 6800 XT de la marca AMD,TAR,AMD
Radeon RX 6900 XT,Descripción generica de una GPU Radeon RX 6900 XT de la marca AMD,TAR,AMD
Radeon RX 6900 XTX,Descripción generica de una GPU Radeon RX 6900 XTX de la marca AMD,TAR,AMD
Radeon Pro 5300,Descripción generica de una GPU Radeon Pro 5300 de la marca AMD,TAR,AMD
Radeon Pro 5500 XT,Descripción generica de una GPU Radeon Pro 5500 XT de la marca AMD,TAR,AMD
Radeon Pro 5700,Descripción generica de una GPU Radeon Pro 5700 de la marca AMD,TAR,AMD
Radeon Pro 5700 XT,Descripción generica de una GPU Radeon Pro 5700 XT de la marca AMD,TAR,AMD
Radeon RX 5300,Descripción generica de una GPU Radeon RX 5300 de la marca AMD,TAR,AMD
Radeon Pro VII,Descripción generica de una GPU Radeon Pro VII de la marca AMD,TAR,AMD
Radeon RX 590 GME,Descripción generica de una GPU Radeon RX 590 GME de la marca AMD,TAR,AMD
Radeon Pro W5500,Descripción generica de una GPU Radeon Pro W5500 de la marca AMD,TAR,AMD
Radeon RX 5600 OEM,Descripción generica de una GPU Radeon RX 5600 OEM de la marca AMD,TAR,AMD
Radeon RX 5600 XT,Descripción generica de una GPU Radeon RX 5600 XT de la marca AMD,TAR,AMD
Radeon Vega 3 Embedded,Descripción generica de una GPU Radeon Vega 3 Embedded de la marca AMD,TAR,AMD
Radeon Vega 3 Embedded,Descripción generica de una GPU Radeon Vega 3 Embedded de la marca AMD,TAR,AMD
Radeon RX 5500 XT,Descripción generica de una GPU Radeon RX 5500 XT de la marca AMD,TAR,AMD
Radeon Pro W5700X,Descripción generica de una GPU Radeon Pro W5700X de la marca AMD,TAR,AMD
Radeon Vega 3,Descripción generica de una GPU Radeon Vega 3 de la marca AMD,TAR,AMD
Radeon Pro W5700,Descripción generica de una GPU Radeon Pro W5700 de la marca AMD,TAR,AMD
Radeon Pro Vega II Duo,Descripción generica de una GPU Radeon Pro Vega II Duo de la marca AMD,TAR,AMD
Radeon RX 5300 XT,Descripción generica de una GPU Radeon RX 5300 XT de la marca AMD,TAR,AMD
Radeon RX 5500 OEM,Descripción generica de una GPU Radeon RX 5500 OEM de la marca AMD,TAR,AMD
Radeon Vega 11,Descripción generica de una GPU Radeon Vega 11 de la marca AMD,TAR,AMD
Radeon RX 5700,Descripción generica de una GPU Radeon RX 5700 de la marca AMD,TAR,AMD
Radeon RX 5700 XT,Descripción generica de una GPU Radeon RX 5700 XT de la marca AMD,TAR,AMD
Radeon RX 5700 XT 50th Anniversary,Descripción generica de una GPU Radeon RX 5700 XT 50th Anniversary de la marca AMD,TAR,AMD
Radeon RX Vega 11,Descripción generica de una GPU Radeon RX Vega 11 de la marca AMD,TAR,AMD
Radeon Vega 8,Descripción generica de una GPU Radeon Vega 8 de la marca AMD,TAR,AMD
Radeon Pro WX 3200,Descripción generica de una GPU Radeon Pro WX 3200 de la marca AMD,TAR,AMD
Radeon Pro Vega II,Descripción generica de una GPU Radeon Pro Vega II de la marca AMD,TAR,AMD
Radeon RX 560 XT,Descripción generica de una GPU Radeon RX 560 XT de la marca AMD,TAR,AMD
Radeon VII,Descripción generica de una GPU Radeon VII de la marca AMD,TAR,AMD
Radeon Instinct MI50,Descripción generica de una GPU Radeon Instinct MI50 de la marca AMD,TAR,AMD
Radeon Instinct MI60,Descripción generica de una GPU Radeon Instinct MI60 de la marca AMD,TAR,AMD
Radeon RX 590,Descripción generica de una GPU Radeon RX 590 de la marca AMD,TAR,AMD
Radeon RX 580 2048SP,Descripción generica de una GPU Radeon RX 580 2048SP de la marca AMD,TAR,AMD
Radeon RX 580G,Descripción generica de una GPU Radeon RX 580G de la marca AMD,TAR,AMD
Radeon Vega 3 Embedded,Descripción generica de una GPU Radeon Vega 3 Embedded de la marca AMD,TAR,AMD
Radeon Pro V340,Descripción generica de una GPU Radeon Pro V340 de la marca AMD,TAR,AMD
Radeon Pro WX 8200,Descripción generica de una GPU Radeon Pro WX 8200 de la marca AMD,TAR,AMD
Zhongshan Subor Z+ GPU,Descripción generica de una GPU Zhongshan Subor Z+ GPU de la marca AMD,TAR,AMD
Radeon Vega 3 Embedded,Descripción generica de una GPU Radeon Vega 3 Embedded de la marca AMD,TAR,AMD
Radeon Vega 6 Embedded,Descripción generica de una GPU Radeon Vega 6 Embedded de la marca AMD,TAR,AMD
Radeon RX Vega 11 Embedded,Descripción generica de una GPU Radeon RX Vega 11 Embedded de la marca AMD,TAR,AMD
Radeon Vega 8 Embedded,Descripción generica de una GPU Radeon Vega 8 Embedded de la marca AMD,TAR,AMD
Radeon RX 550X 640SP,Descripción generica de una GPU Radeon RX 550X 640SP de la marca AMD,TAR,AMD
Radeon RX 560DX,Descripción generica de una GPU Radeon RX 560DX de la marca AMD,TAR,AMD
Radeon RX 560X,Descripción generica de una GPU Radeon RX 560X de la marca AMD,TAR,AMD
Radeon RX 570X,Descripción generica de una GPU Radeon RX 570X de la marca AMD,TAR,AMD
Radeon RX 580X,Descripción generica de una GPU Radeon RX 580X de la marca AMD,TAR,AMD
Radeon Vega 11 Embedded,Descripción generica de una GPU Radeon Vega 11 Embedded de la marca AMD,TAR,AMD
Radeon Vega 3 Embedded,Descripción generica de una GPU Radeon Vega 3 Embedded de la marca AMD,TAR,AMD
Radeon Vega 8 Embedded,Descripción generica de una GPU Radeon Vega 8 Embedded de la  ;marca AMD,TAR,AMD
Radeon RX Vega 11,Descripción generica de una GPU Radeon RX Vega 11 de la marca AMD,TAR,AMD
Radeon Vega 8,Descripción generica de una GPU Radeon Vega 8 de la marca AMD,TAR,AMD
Radeon Pro WX 8100,Descripción generica de una GPU Radeon Pro WX 8100 de la marca AMD,TAR,AMD
Radeon RX 550 512SP,Descripción generica de una GPU Radeon RX 550 512SP de la marca AMD,TAR,AMD
Radeon RX 550 640SP,Descripción generica de una GPU Radeon RX 550 640SP de la marca AMD,TAR,AMD
Radeon RX Vega 56,Descripción generica de una GPU Radeon RX Vega 56 de la marca AMD,TAR,AMD
Radeon Pro SSG,Descripción generica de una GPU Radeon Pro SSG de la marca AMD,TAR,AMD
Radeon RX Vega 64,Descripción generica de una GPU Radeon RX Vega 64 de la marca AMD,TAR,AMD
Radeon RX Vega 64 Limited Edition,Descripción generica de una GPU Radeon RX Vega 64 Limited Edition de la marca AMD,TAR,AMD
Radeon RX Vega 64 Liquid Cooling,Descripción generica de una GPU Radeon RX Vega 64 Liquid Cooling de la marca AMD,TAR,AMD
Radeon Vega Frontier Edition Watercooled,Descripción generica de una GPU Radeon Vega Frontier Edition Watercooled de la marca AMD,TAR,AMD
Radeon Pro WX 9100,Descripción generica de una GPU Radeon Pro WX 9100 de la marca AMD,TAR,AMD
Radeon RX 560 896SP,Descripción generica de una GPU Radeon RX 560 896SP de la marca AMD,TAR,AMD
Radeon RX 560D,Descripción generica de una GPU Radeon RX 560D de la marca AMD,TAR,AMD
Radeon Pro V320,Descripción generica de una GPU Radeon Pro V320 de la marca AMD,TAR,AMD
Radeon Instinct MI25,Descripción generica de una GPU Radeon Instinct MI25 de la marca AMD,TAR,AMD
Radeon Vega Frontier Edition,Descripción generica de una GPU Radeon Vega Frontier Edition de la marca AMD,TAR,AMD